<?xml version="1.0" encoding="utf-8"?>
<project>
	<meta title="Using SWF Assets" package="org.openfl.tutorials.usingswfassets" version="1.0.0" company="OpenFL" />
	<app main="Main" path="Export" file="UsingSWFAssets" />
	<source path="Source" />
	
    <haxelib name="lime"
             version="8.0.1"/>
    <haxelib name="openfl"
             version="9.2.1"/>
    <haxelib name="swf"
             version="3.2.0"/>
	
	<library path="Assets/WCCmessageUI.swf" name="WCCmessageUI.swf" />
	<assets path="Assets" rename="assets" exclude="*.swf" />
</project>